David Lynch , 6
Sam Peckinpah , 6
Sidney Lumet , 6
Clint Eastwood , 5
David Cronenberg , 5
Jim Jarmusch , 5
John Carpenter , 5
John Landis , 5
Lewis Gilbert , 5
Oliver Stone , 5
Ridley Scott , 5
Roger Corman , 5
Roman Polanski , 5
Spike Lee , 5
Stephen Frears , 5
Woody Allen , 5
Abel Ferrara , 4
Adrian Lyne , 4
Blake Edwards , 4
Clive Donner , 4
Curtis Hanson , 4
David Gordon Green , 4
Frank Oz , 4
Joel Coen , 4
John Glen , 4
John Singleton , 4
Jonathan Demme , 4
Lasse HallstrÃ¶m , 4
Martin Scorsese , 4
Mike Nichols , 4
Neil Jordan , 4
Olivier Assayas , 4
Richard Linklater , 4
Tim Burton , 4
Tyler Perry , 4
Wes Craven , 4
Adam Curtis , 3
Alfred Hitchcock , 3
Anne Fletcher , 3
Arthur Penn , 3
Atom Egoyan , 3
Brian Robbins , 3
Bruce Sinofsky , 3
Charles Martin Smith , 3
Dennis Dugan , 3
Ernest R. Dickerson , 3
Frank Coraci , 3
Fred Schepisi , 3
George Gallo , 3
George P. Cosmatos , 3
Gus Van Sant , 3
Guy Hamilton , 3
Isabel Coixet , 3
Jamie Blanks , 3
Jay Roach , 3
Joe Berlinger , 3
Joel Schumacher , 3
John Huston , 3
John Lasseter , 3
John Schlesinger , 3
John Waters , 3
Jon Avnet , 3
Kevin Reynolds , 3
Lars von Trier , 3
Lawrence Kasdan , 3
Lloyd Kaufman , 3
Mark Pellington , 3
Michael Mann , 3
Michael Moore , 3
Mike Thurmeier , 3
Morgan Spurlock , 3
Peter Bogdanovich , 3
Peter Hyams , 3
Phillip Noyce , 3
Richard Attenborough , 3
Robert Altman , 3
Robert Lieberman , 3
Robert Rodriguez , 3
Roger Spottiswoode , 3
Ronald Neame , 3
Russell Mulcahy , 3
Ryan Little , 3
Sharon Maguire , 3
Stanley Kramer , 3
Steve Barron , 3
Steve Rash , 3
Stuart Gordon , 3
Tim Story , 3
Tobe Hooper , 3
William Friedkin , 3
Abbas Kiarostami , 2
Adam Shankman , 2
Alan J. Pakula , 2
Alan Parker , 2
Albert Pyun , 2
Amy Heckerling , 2
Andrew Davis , 2
Andrew Erwin , 2
Andrew Traucki , 2
Ang Lee , 2
Angus MacLane , 2
Barry Levinson , 2
Bernardo Bertolucci , 2
Bille August , 2
Billy Wilder , 2
Brad Anderson , 2
Bradley Raymond , 2
Brett Leonard , 2
Brett Morgen , 2
Bruce Campbell , 2
Callie Khouri , 2
Charles BinamÃ© , 2
Chris Nelson , 2
Chris Renaud , 2
Christine Jeffs , 2
Christopher Nolan , 2
Costa-Gavras , 2
Craig Moss , 2
Darren Aronofsky , 2
Darren Lynn Bousman , 2
David Frankel , 2
David Mackenzie , 2
David Mamet , 2
David R. Ellis , 2
Donald Petrie , 2
Don Roos , 2
Don Siegel , 2
Dwight H. Little , 2
Edgar Wright , 2
Eduardo SÃ¡nchez , 2
Edward Zwick , 2
Eric England , 2
Eugene Jarecki , 2
Fouad Mikati , 2
Freddie Francis , 2
Gabriele Muccino , 2
Garry Marshall , 2
Gary Fleder , 2
George Lucas , 2
George Pollock , 2
Godfrey Reggio , 2
Hal Ashby , 2
Heidi Ewing , 2
Herschell Gordon Lewis , 2
Howard Zieff , 2
Iain Softley , 2
Ian Fitzgibbon , 2
Irvin Kershner , 2
Jake Kasdan , 2
James Gray , 2
James Ivory , 2
James Wan , 2
Jane Campion , 2
Jeremiah S. Chechik , 2
Joe Carnahan , 2
Joe Lynch , 2
John Bonito , 2
John Cassavetes , 2
John Erick Dowdle , 2
John Frankenheimer , 2
John Gulager , 2
John Stockwell , 2
John Wayne , 2
Jonathan Teplitzky , 2
Jon Erwin , 2
Jon Turteltaub , 2
Justin Chadwick , 2
Kelly Reichardt , 2
Ken Loach , 2
Kenneth Branagh , 2
Kyle Balda , 2
Larry Charles , 2
Lenny Abrahamson , 2
Leonard Nimoy , 2
Lev L. Spiro , 2
Lewis Teague , 2
Louis Morneau , 2
Marc Evans , 2
Marcos Siega , 2
Mark Quod , 2
Martin Weisz , 2
Michael Anderson , 2
Michael Apted , 2
Michael Caton-Jones , 2
Michael Cimino , 2
Michael Keusch , 2
Michael Lehmann , 2
Michael Radford , 2
Miguel Arteta , 2
Mike Binder , 2
Mike Newell , 2
Nicholas Hytner , 2
Nicholas Meyer , 2
Nicolas Roeg , 2
Nora Ephron , 2
Otto Preminger , 2
Paul Hoen , 2
Paul W.S. Anderson , 2
Philippe Mora , 2
Phil Joanou , 2
Quentin Dupieux , 2
Rachel Grady , 2
Ralph Bakshi , 2
Ralph Nelson , 2
Rhys Thomas , 2
Richard Stanley , 2
Robert Clouse , 2
Robert Hall , 2
Robert Redford , 2
Robert Schwentke , 2
Roberts Gannaway , 2
Robert Stevenson , 2
Robert Vince , 2
Robert Zemeckis , 2
Rob Minkoff , 2
Rob Reiner , 2
Roger Allers , 2
Roger Donaldson , 2
Ron Howard , 2
SÃ¶nke Wortmann , 2
Scott Wheeler , 2
Shinichiro Watanabe , 2
Stacy Peralta , 2
Stanley Kubrick , 2
Steve Carr , 2
Steven C. Miller , 2
Steven Zaillian , 2
Stuart Rosenberg , 2
Tarsem Singh , 2
Terence Davies , 2
Terry Gilliam , 2
Todd Phillips , 2
Todd Solondz , 2
Tom McLoughlin , 2
Tony Gilroy , 2
Tony Richardson , 2
ValÃ©rie Donzelli , 2
Vincenzo Natali , 2
Walter Hill , 2
Warren Beatty , 2
Werner Herzog , 2
Willard Huyck , 2
William Shatner , 2
William Wyler , 2
Wim Wenders , 2
Zalman King , 2
Aaron Hann , 1
Aaron Katz , 1
Aaron Keeling , 1
Aaron Seltzer , 1
Adam Brooks , 1
Adam Green , 1
Adam Grossman , 1
Adam Jay Epstein , 1
Adam Kassen , 1
Adam MacDonald , 1
Adam McKay , 1
Adam Rehmeier , 1
Adam Rogers , 1
Adrian Grunberg , 1
Adrian Powers , 1
Adrian Shergold , 1
Agnieszka Holland , 1
Aisling Walsh , 1
Aki KaurismÃ¤ki , 1
Alan Clarke , 1
Alan Polsky , 1
Alan Rudolph , 1
Alan Shapiro , 1
Alastair Fothergill , 1
Albert Hughes , 1
Alberto Sironi , 1
Alejandro GonzÃ¡lez IÃ±Ã¡rritu , 1
Alejandro Jodorowsky , 1
Alejandro Monteverde , 1
Aleksander Bach , 1
Aleksey Balabanov , 1
Alexander Payne , 1
Alexander Yellen , 1
Alexandre Aja , 1
Alexandre Moors , 1
Ãlex de la Iglesia , 1
Alex Garcia Lopez , 1
Alex Gibney , 1
Alex Gregory , 1
Alex Proyas , 1
Alex Winter , 1
Alfonso ArÃ¡u , 1
Alfonso Gomez-Rejon , 1
Alfred Lot , 1
Alison Murray , 1
Allan Mauduit , 1
Allan Moyle , 1
Allen Hughes , 1
Al Pacino , 1
Amariah Olson , 1
Ami Canaan Mann , 1
Ã‰mile Gaudreault , 1
Amos Gitai , 1
Amy Rice , 1
AnaÃ¯s Barbeau-Lavalette , 1
Anders Morgenthaler , 1
Andrea Molaioli , 1
Andreas Borghi , 1
Andrei Konchalovsky , 1
Andrew Adamson , 1
Andrew Currie , 1
Andrew Douglas , 1
Andrew Fleming , 1
Andrew Jacobson , 1
Andrew Jarecki , 1
Andrew Jones , 1
Andrew Matthews , 1
Andrew Morgan , 1
Andrew O'Connor , 1
Andrew Thomas Hunt , 1
Andrew V. McLaglen , 1
Andrzej Sekula , 1
Andrzej Wajda , 1
Andy Cheng , 1
Andy Fickman , 1
Andy Mitton , 1
Andy Muschietti , 1
Andy Palmer , 1
Andy Tennant , 1
Angela Bassett , 1
Angela Robinson , 1
Anna Boden , 1
Anna Mastro , 1
Annette Haywood-Carter , 1
Ann Turner , 1
Anthony DiBlasi , 1
Anthony D'Souza , 1
Anthony Waller , 1
Antoine Fuqua , 1
Antoinette Beumer , 1
Antonio Negret , 1
Antonio Padovan , 1
Anton King , 1
Antony Smith , 1
Anurag Kashyap , 1
Arie Posin , 1
A.R. Murugadoss , 1
Arthur Allan Seidelman , 1
Arthur Bradford , 1
Arthur Hiller , 1
Arthur Lubin , 1
Art Linson , 1
Ash Brannon , 1
Ashley Judd , 1
Ã‰tienne Chatiliez , 1
A. Todd Smith , 1
Austin Keeling , 1
B.A. Brooks , 1
Barbara Brancaccio , 1
Barbara Peeters , 1
Barbet Schroeder , 1
Barbra Streisand , 1
Barnaby Thompson , 1
Benedikt Erlingsson , 1
Ben Garant , 1
Ben Gregor , 1
Bennett Miller , 1
Ben Peyser , 1
Ben Stassen , 1
Bernie Goldmann , 1
Bert I. Gordon , 1
Bille Woodruff , 1
Bill Forsyth , 1
Bill Guttentag , 1
Bill Paxton , 1
BjÃ¶rn Stein , 1
BJ McDonnell , 1
Blaine Thurier , 1
Boaz Yakin , 1
Bobby Farrelly , 1
Bobcat Goldthwait , 1
Bob Rafelson , 1
Bonnie Hunt , 1
Boris Rodriguez , 1
Boyd Kirkland , 1
Brad Copeland , 1
Brad Furman , 1
Brad Lewis , 1
Brad Osborne , 1
Brad Peyton , 1
Brady Corbet , 1
Brandon Nutt , 1
Breck Eisner , 1
Brett Donowho , 1
Brett Sullivan , 1
Brian A Miller , 1
Brian De Palma , 1
Brian G. Hutton , 1
Brian Gibson , 1
Brian Knappenberger , 1
Brian Koppelman , 1
Brian Levant , 1
Brian Trenchard-Smith , 1
Bruce A. Evans , 1
Bruce Malmuth , 1
Bruno Barreto , 1
Bruno Chiche , 1
Bryan Bertino , 1
Bryan Norton , 1
Bryce Dallas Howard , 1
Bryce Wagoner , 1
Buddy Van Horn , 1
Burr Steers , 1
Burt Kennedy , 1
Buzz Kulik , 1
Cameron Crowe , 1
Carl Franklin , 1
Carlos Saldanha , 1
Carlo Vanzina , 1
Carlo Verdone , 1
Carl Reiner , 1
Carl Schenkel , 1
Carroll Ballard , 1
C.B. Harding , 1
Chad Burns , 1
Chang Cheh , 1
Chapman Way , 1
Charles Chaplin , 1
Charles McCracken , 1
Charles-Olivier Michaud , 1
Charles Robert Carner , 1
Charles Shyer , 1
Charlie Kaufman , 1
Chen Kaige , 1
Cheryl Hines , 1
Chris Bell , 1
Chris Carter , 1
Chris Columbus , 1
Chris Evans , 1
Chris Gorak , 1
Chris Malloy , 1
Chris Rock , 1
Chris Shadley , 1
Christian Charles , 1
Christian Duguay , 1
Christian E. Christiansen , 1
Christian Vincent , 1
Christophe Barratier , 1
Christopher Cain , 1
Christopher Folino , 1
Christopher Kezelos , 1
Christopher Leone , 1
Christopher MacBride , 1
Christopher Menaul , 1
Christopher Morahan , 1
Christopher Roosevelt , 1
Chris Wedge , 1
Chris Weitz , 1
C. Jay Cox , 1
Clare Lewins , 1
Clark Gregg , 1
Claude Chabrol , 1
Claude Lelouch , 1
Claude Miller , 1
Claudio Cupellini , 1
Claudio FÃ¤h , 1
Claudio Fragasso , 1
Clif Prowse , 1
Clive A. Smith , 1
Clive Barker , 1
Coky Giedroyc , 1
Colin Minihan , 1
Colin Trevorrow , 1
Conor McMahon , 1
Corin Hardy , 1
Courtney Solomon , 1
Craig Macneill , 1
Craig R. Baxley , 1
Dale Fabrigar , 1
Damian Lee , 1
Damon Santostefano , 1
Dan Curtis , 1
Dan Eckman , 1
Dan Fogelman , 1
Daniel Algrant , 1
Daniel Barber , 1
Daniel Cohen , 1
Daniel G. Karslake , 1
Daniel Junge , 1
Daniel Schechter , 1
Dan Ireland , 1
Danny Boyle , 1
Danny Leiner , 1
Danny Mulheron , 1
Danny Steinmann , 1
Dan Rosen , 1
Dan Scanlon , 1
Dan Trachtenberg , 1
Daric Gates , 1
Dario Argento , 1
Dave Filoni , 1
Dave Grohl , 1
Dave Payne , 1
David A. Armstrong , 1
David Atkins , 1
David Barrett , 1
David Carson , 1
David Denneen , 1
David Farr , 1
David Grovic , 1
David Hackl , 1
David Hillenbrand , 1
David Hollander , 1
David Hugh Jones , 1
David Keating , 1
David L. Cunningham , 1
David Lean , 1
David Levien , 1
David Lowery , 1
David Morley , 1
David M. Rosenthal , 1
David Nelson , 1
David Nerlich , 1
David Nutter , 1
David Ondaatje , 1
David O. Russell , 1
David Palmer , 1
David Robert Mitchell , 1
David S. Goyer , 1
David Soren , 1
David Steinberg , 1
David Wain , 1
David Winkler , 1
David Wu , 1
David Yarovesky , 1
Davis Guggenheim , 1
Dax Shepard , 1
Dean Francis , 1
Dean Parisot , 1
Deb Hagan , 1
Declan Donnellan , 1
Deepa Mehta , 1
Denis Villeneuve , 1
Dennis Hopper , 1
Dennis Lee , 1
Dennis Widmyer , 1
Deran Sarafian , 1
Derek Lee , 1
Derick Martini , 1
Devon Downs , 1
Diablo Cody , 1
Dibakar Banerjee , 1
Dick Maas , 1
director , 1
Dito Montiel , 1
D.J. Caruso , 1
D.J. MacHale , 1
D. Kerry Prior , 1
Dominic Harari , 1
Don Bluth , 1
Don Edmonds , 1
Don E. FauntLeRoy , 1
Don Hahn , 1
Don Handfield , 1
Don Hertzfeldt , 1
Don Michael Paul , 1
Dony Permedi , 1
Dorian Walker , 1
Douglas Hickox , 1
Douglas Trumbull , 1
Doug Pray , 1
Drake Doremus , 1
Drew Pearce , 1
Duane Adler , 1
Duke Johnson , 1
Duncan Tucker , 1
Duwayne Dunham , 1
Ed Harris , 1
Ed Stone , 1
Ed Wexler , 1
E. Elias Merhige , 1
Ekachai Uekrongtham , 1
Elaine Constantine , 1
Elgin James , 1
Elia Kazan , 1
Elias Benavidez , 1
Elia Suleiman , 1
Elijah Drenner , 1
Elise Robertson , 1
Elliot Hegarty , 1
Elliot Silverstein , 1
Elliott Lester , 1
Ellory Elkayem , 1
Emily Hagins , 1
Enki Bilal , 1
Eric Goldberg , 1
Eric Heisserer , 1
Eric Idle , 1
Erick Zonca , 1
Eric Leighton , 1
Erik White , 1
Ernie Barbarash , 1
Errol Morris , 1
Ethan Coen , 1
Ethan Spaulding , 1
Eugenio MartÃ­n , 1
Evan Glodell , 1
Everette Wallin , 1
FÃ©lix EnrÃ­quez AlcalÃ¡ , 1
Fernanda Cardoso , 1
Fernando LeÃ³n de Aranoa , 1
Fernando Trueba , 1
FranÃ§ois Alaux , 1
Francis Glebas , 1
Francis Lawrence , 1
Franck Mancuso , 1
Franklin J. Schaffner , 1
Frank Miller , 1
Frank Sebastiano , 1
Fred Dekker , 1
Frederik Du Chau , 1
Fred Zinnemann , 1
Fritz Kiersch , 1
Fuminori Kizaki , 1
Futoshi Higashide , 1
GaÃ«tan Brizzi , 1
Gabe Polsky , 1
Gabe Torres , 1
Galen T. Chu , 1
Galt Niederhoffer , 1
GÃ©rard Jugnot , 1
Gareth Carrivick , 1
Gary Goldman , 1
Gary Katona , 1
Gary Ross , 1
Gary Rydstrom , 1
Gary Weis , 1
Gary Winick , 1
Gavin Hood , 1
Gene Quintano , 1
Geoffrey Sax , 1
George A. Romero , 1
George Clooney , 1
George Cukor , 1
George C. Wolfe , 1
George Isaac , 1
George Miller , 1
George Pal , 1
George Ratliff , 1
George Roy Hill , 1
George Sherman , 1
George Stevens , 1
Gideon Raff , 1
Gil Cates Jr. , 1
Gil Junger , 1
Gilles Paquet-Brenner , 1
Gina Prince-Bythewood , 1
Giorgia Farina , 1
Giuliano Montaldo , 1
Giulio Manfredonia , 1
Giulio Paradisi , 1
Glenio Bonder , 1
Glenn Miller , 1
Gloria Katz , 1
Gordon Chan , 1
Gordon Douglas , 1
Gordon Hessler , 1
Gordon Parks , 1
Graeme Clifford , 1
Graham Yost , 1
Grant Gee , 1
Greg Franklin , 1
Greg Glienna , 1
Greg Marcks , 1
Gregory J. Read , 1
Gregory Mackenzie , 1
Greg Yaitanes , 1
Gren Wells , 1
Griffin Dunne , 1
Gunnar Karlsson , 1
Gus Holwerda , 1
Guy Ritchie , 1
Hal Haberman , 1
Hal Hartley , 1
Hal Needham , 1
Hany Abu-Assad , 1
Harald Zwart , 1
Harley Cokeliss , 1
Harold Becker , 1
Hendel Butoy , 1
Henry Bean , 1
HervÃ© de CrÃ©cy , 1
Hideki Futamura , 1
Hideo Nakata , 1
Hiroshi Morioka , 1
Homi Adajania , 1
Hou Hsiao-Hsien , 1
Howard Hawks , 1
Howard Michael Gould , 1
Hunter Richards , 1
Ian MacNaughton , 1
Inon Shampanier , 1
Irwin Allen , 1
Irwin Winkler , 1
Isaac Feder , 1
Isaac Florentine , 1
IstvÃ¡n SzabÃ³ , 1
Ivan Reitman , 1
Ivan Sen , 1
Jabbar Raisani , 1
Jack Clayton , 1
Jack Hill , 1
Jackie Earle Haley , 1
Jacob Kornbluth , 1
Jacob Vaughan , 1
Jacques Audiard , 1
Jake Goldberger , 1
Jake Newsome , 1
Jake Szymanski , 1
Jake West , 1
Jakob Schuh , 1
Jamal Hill , 1
James Algar , 1
James Bolton , 1
James Bridges , 1
James Cameron , 1
James Dodson , 1
James Foley , 1
James Franco , 1
James Goldstone , 1
James Hawes , 1
James Hayman , 1
James Huth , 1
James Kondelik , 1
James Marsh , 1
James Moran , 1
James Mottern , 1
James Ponsoldt , 1
James Toback , 1
James Vanderbilt , 1
James Wong , 1
Jamie Babbit , 1
Jamie Linden , 1
Jamin Winans , 1
Janet Grillo , 1
Jan Ole Gerster , 1
Jared Hess , 1
Jason Friedberg , 1
Jason Krawczyk , 1
Jason Lei Howden , 1
Jason Moore , 1
Jason Schnell , 1
Jason Stone , 1
Jason Todd Ipson , 1
Jason Woliner , 1
Jasper James , 1
Jaume Collet-Serra , 1
Javier Fuentes-LeÃ³n , 1
Javier Ruiz Caldera , 1
Jay Chandrasekhar , 1
Jay Holben , 1
Jay Martin , 1
Jay Oliva , 1
Jay Russell , 1
J Blakeson , 1
J.B. Rogers , 1
J.C. Chandor , 1
Jean-Baptiste LÃ©onetti , 1
Jean-Jacques Annaud , 1
Jean-Marc VallÃ©e , 1
Jeannot Szwarc , 1
Jean-Pierre Dardenne , 1
Jean-Pierre Jeunet , 1
Jean-StÃ©phane Sauvaire , 1
Jeb Stuart , 1
Jed Mercurio , 1
Jefery Levy , 1
Jeff Beesley , 1
Jeff Bleckner , 1
Jeff Burr , 1
Jeff Kanew , 1
Jeff King , 1
Jeff Nichols , 1
Jeff Preiss , 1
Jennifer Chambers Lynch , 1
Jennifer Flackett , 1
Jen Soska , 1
Jeremy Passmore , 1
Jeremy Podeswa , 1
Jeremy Saulnier , 1
Jerome Sable , 1
Jerry London , 1
Jerry Zaks , 1
Jerry Zucker , 1
Jerzy Skolimowski , 1
Jesse Holland , 1
Jessy Terrero , 1
Jillian Schlesinger , 1
Jim Abrahams , 1
Jim Clark , 1
Jim Gillespie , 1
Jim Henson , 1
Jim McBride , 1
Jim Sheridan , 1
Jim Stenstrum , 1
Jim Strouse , 1
Jim Wynorski , 1
J. Lee Thompson , 1
J.M. Kenny , 1
Jocelyn Towne , 1
Jody Hill , 1
Joe Camp , 1
Joe Cornish , 1
Joel Gallen , 1
Joel Silberg , 1
Joel Zwick , 1
Joe Marino , 1
Joe Nussbaum , 1
Joe Pytka , 1
Joe Roth , 1
Joe Sichta , 1
Joey Stewart , 1
Johan Earl , 1
Johannes Roberts , 1
Johannes StjÃ¤rne Nilsson , 1
John Badham , 1
John Blanchard , 1
John Boorman , 1
John Cameron Mitchell , 1
John Cornell , 1
John Dahl , 1
John Derek , 1
John Duigan , 1
John Fawcett , 1
John Flynn , 1
John Ford , 1
John Gatins , 1
John Goldschmidt , 1
John Gray , 1
John Guillermin , 1
John Harrison , 1
John Herzfeld , 1
John Hughes , 1
John Kalangis , 1
John Kent Harrison , 1
John Madden , 1
John McTiernan , 1
John Michael McDonagh , 1
John Moore , 1
John Musker , 1
John Pogue , 1
John Ridley , 1
John Stephenson , 1
John Sturges , 1
John Warren , 1
John Whitesell , 1
John Woo , 1
Joko Anwar , 1
Jonathan Liebesman , 1
Jonathan Lynn , 1
Jonathon Narducci , 1
Jon Favreau , 1
Jong-Sik Nam , 1
Jon Kondelik , 1
Jon M. Chu , 1
Jonny Campbell , 1
Jon Watts , 1
Jordan Rubin , 1
Jordan Scott , 1
Josef Rusnak , 1
Joseph Barbera , 1
Joseph Graham , 1
Joseph Losey , 1
Joseph Sargent , 1
Joseph Zito , 1
Josh Cooley , 1
Josh Fox , 1
Josh Oreck , 1
Joshua Oppenheimer , 1
Joshua Zeman , 1
Joss Whedon , 1
J.S. Cardone , 1
Juan Piquer SimÃ³n , 1
Jules Dassin , 1
Julian Farino , 1
Julian Gilbey , 1
Julian Jarrold , 1
Julien Soret , 1
Justin Jones , 1
Justin Lin , 1
Kaleb Lechowski , 1
Karan Johar , 1
Karen Moncrieff , 1
Kari Skogland , 1
Karyn Kusama , 1
Katie Aselton , 1
Katie Graham , 1
Katja von Garnier , 1
Keith Scholey , 1
Ken Annakin , 1
Ken Kwapis , 1
Kenneth Anger , 1
Kenneth Johnson , 1
Kenny Gage , 1
Ken Russell , 1
Ken Scott , 1
Kent Jones , 1
Ken Wiederhorn , 1
Kevin Bacon , 1
Kevin Carraway , 1
Kevin Connor , 1
Kevin Costner , 1
Kevin Goetz , 1
Kevin Greutert , 1
Kevin Hooks , 1
Kevin Kolsch , 1
Kevin Lima , 1
Kevin Macdonald , 1
Kevin Spacey , 1
Kief Davidson , 1
Kimble Rendall , 1
Kim Chapiron , 1
Kiran Rao , 1
Koen Mortier , 1
Krishna D.K. , 1
Kris Swanberg , 1
Kristina Buozyte , 1
Kristin Hanggi , 1
Kristopher Belman , 1
Kriv Stenders , 1
Krzysztof KieÅ›lowski , 1
Kurt Voss , 1
Kurt Wimmer , 1
Kyle Newman , 1
Kyle Patrick Alvarez , 1
Kyle Rankin , 1
Lamberto Bava , 1
Lana Wachowski , 1
Lance Bangs , 1
Larry Bishop , 1
Larry Shaw , 1
Laura Dern , 1
Lauren Montgomery , 1
Laurent Baffie , 1
Laurent Bouzereau , 1
Laurent Malaquais , 1
Laurent Tirard , 1
Laurent Tuel , 1
Lawrence Shapiro , 1
Lee Daniels , 1
Lee Kirk , 1
Lee Tamahori , 1
Lee Unkrich , 1
Leonardo Pieraccioni , 1
Leslie H. Martinson , 1
Leslie Small , 1
Leslye Headland , 1
Lewis Milestone , 1
Leythum , 1
Lilly Wachowski , 1
Lisa Azuelos , 1
Lisa Cholodenko , 1
Liz Garbus , 1
Liz W. Garcia , 1
Louie Psihoyos , 1
Louis Leterrier , 1
Louis Malle , 1
Luc Besson , 1
Luc Dardenne , 1
Lucifer Valentine , 1
Lucky McKee , 1
Luis Llosa , 1
Luis Piedrahita , 1
Luis Valdez , 1
Lukas Moodysson , 1
MÃ¥ns MÃ¥rlind , 1
Maclain Way , 1
Madhur Bhandarkar , 1
Maggie Greenwald , 1
Mahiro Maeda , 1
Malcolm Venville , 1
Malik Bader , 1
Mamat Khalid , 1
Manny Coto , 1
Manoel de Oliveira , 1
Marc Forster , 1
Marco Ponti , 1
Marco Ristori , 1
Marc Roussel , 1
Marcus Adams , 1
Marcus Raboy , 1
Mario Miscione , 1
Mario Van Peebles , 1
Mark Christopher , 1
Mark Edwin Robinson , 1
Mark Fergus , 1
Mark Kassen , 1
Mark Levin , 1
Mark Piznarski , 1
Mark Robson , 1
Mark Rosman , 1
Mark Tonderai , 1
Martha Stephens , 1
Martin Davidson , 1
Martin McDonagh , 1
Martin Wood , 1
Marya Cohn , 1
Mathieu Kassovitz , 1
Matt Bettinelli-Olpin , 1
Matt Codd , 1
Matt Duffer , 1
Matthew Arnold , 1
Matthew Chapman , 1
Matthew Kennedy , 1
Matthew Vaughn , 1
Matthias Hoene , 1
Matt Johnson , 1
Matty Beckerman , 1
Maurice Joyce , 1
Max Lang , 1
Max Mayer , 1
McG , 1
Melanie Mayron , 1
Mel Brooks , 1
Melisa Wallack , 1
Mel Smith , 1
Mel Stuart , 1
Menahem Golan , 1
Menhaj Huda , 1
Michael Almereyda , 1
Michael Chang , 1
Michael Crichton , 1
Michael Cuesta , 1
Michael Dougherty , 1
Michael G. Bartlett , 1
Michael Goetz , 1
Michael Goldfine , 1
Michael Herz , 1
Michael Hoffman , 1
Michael Jai White , 1
Michael Katleman , 1
Michael McGowan , 1
Michael Patrick King , 1
Michael Rasmussen , 1
Michael Ritchie , 1
Michael Rymer , 1
Michael Schultz , 1
Michael Scott , 1
Michael Simon , 1
Michael Stephenson , 1
Michael Storey , 1
Michael Taverna , 1
Michael Tiddes , 1
Michael Traeger , 1
Michael Winner , 1
Michel Gondry , 1
Michelle MacLaren , 1
Mickey Keating , 1
Mick Garris , 1
Mihalis Kakogiannis , 1
Mikael Salomon , 1
Mike Barker , 1
Mike Bigelow , 1
Mike Flanagan , 1
Mike Judge , 1
Mike Kochansky , 1
Mike Leigh , 1
Miko Hughes , 1
Mimi Leder , 1
Minkyu Lee , 1
Mitch Glazer , 1
Monte Hellman , 1
Morgan J. Freeman , 1
Morgan Matthews , 1
Morten Lindberg , 1
Morten Tyldum , 1
Nanette Burstein , 1
Nanni Moretti , 1
Nate Cash , 1
Ned Benson , 1
Neil Burger , 1
Neill Blomkamp , 1
Neil Mcenery-West , 1
Niall Johnson , 1
Nicholas Mross , 1
Nicholas Stoller , 1
Nick Castle , 1
Nick Everhart , 1
Nick Hurran , 1
Nick Love , 1
Nick Lyon , 1
Nick Moore , 1
Nick Ormerod , 1
Nick Robertson , 1
Nick Simon , 1
Nick Tomnay , 1
Nick Willing , 1
NicolÃ¡s Goldbart , 1
Nicole Holofcener , 1
Nicole Kassell , 1
Nigel Cole , 1
Ning Hao , 1
Nisha Ganatra , 1
Nitesh Tiwari , 1
Noah Baumbach , 1
Noel Black , 1
Norman Jewison , 1
Norman Taurog , 1
Norman Tokar , 1
Obin Olson , 1
Ola Simonsson , 1
Olatunde Osunsanmi , 1
Ole Bornedal , 1
Oliver Irving , 1
Oliver Parker , 1
Olivier Marchal , 1
Omung Kumar , 1
Orson Welles , 1
Oskar JÃ³nasson , 1
Pablo Berger , 1
Panna Rittikrai , 1
Paolo Barzman , 1
Paolo Costella , 1
Paolo Zucca , 1
Pascale Ferran , 1
Pascal Thomas , 1
Patrice Leconte , 1
Patrick Hughes , 1
Patrick Rea , 1
Patrick von Krusenstjerna , 1
Paul Abascal , 1
Paul Brizzi , 1
Paul Flaherty , 1
Paul Greengrass , 1
Paul Haggis , 1
Paul Henreid , 1
Paul McGuigan , 1
Paul Michael Glaser , 1
Paul Middleditch , 1
Paul Schrader , 1
Paul Tarnopol , 1
Paul Thomas Anderson , 1
Paul Verhoeven , 1
Peggy Holmes , 1
Penelope Spheeris , 1
Percy Adlon , 1
Perry Bhandal , 1
Peter Berg , 1
Peter Chung , 1
Peter Cornwell , 1
Peter Davis , 1
Peter DeLuise , 1
Peter Duffell , 1
Peter Farrelly , 1
Peter Howitt , 1
Peter Huyck , 1
Pete Riski , 1
Peter Kosminsky , 1
Peter MacDonald , 1
Peter Markle , 1
Peter Medak , 1
Peter Segal , 1
Peter Sohn , 1
Peter Sollett , 1
Peter Strickland , 1
Peter Templeman , 1
Peter Yates , 1
Peyton Reed , 1
Phedon Papamichael , 1
Philip Kaufman , 1
Philippe Harel , 1
Philippe Leclerc , 1
Philipp StÃ¶lzl , 1
Phil Roman , 1
Phil Weinstein , 1
Pierre Coffin , 1
Pixote Hunt , 1
Po-Chih Leong , 1
Pontus LÃ¶wenhielm , 1
Prachya Pinkaew , 1
Quentin Lee , 1
Quentin Tarantino , 1
RaÃºl Ruiz , 1
Rachel Goldenberg , 1
Rachid Bouchareb , 1
Rajkumar Santoshi , 1
Raj Nidimoru , 1
Ralph Zondag , 1
Randall Wallace , 1
Raul Garcia , 1
Rawson Marshall Thurber , 1
Ray Burdis , 1
Raymond Depardon , 1
Regan Hall , 1
Renny Harlin , 1
Reynaldo Rodriguez , 1
Rian Johnson , 1
Richard Ayoade , 1
Richard Boden , 1
Richard Curtis , 1
Richard Donner , 1
Richard Franklin , 1
Richard Gray , 1
Richard Greenberg , 1
Richard Harrah , 1
Richard J. Lewis , 1
Richard Laxton , 1
Richard Lester , 1
Richard Loncraine , 1
Richard Martin , 1
Richard Rich , 1
Richard Robbins , 1
Richard Wenk , 1
Richard W. Haines , 1
Rick Bota , 1
Rick Rowley , 1
Rick Schneider-Calabash , 1
Ric Roman Waugh , 1
Rigoberto CastaÃ±eda , 1
Ringan Ledwidge , 1
Ringo Lam , 1
R. J. Cutler , 1
Robby Henson , 1
Rob Cohen , 1
Robert Benton , 1
Robert Budreau , 1
Robert Downey Sr. , 1
Robert GuÃ©diguian , 1
Robert Harmon , 1
Robert Houston , 1
Robert Kenner , 1
Robert Kurtzman , 1
Robert May , 1
Robert Mond , 1
Robert Pulcini , 1
Robert Radler , 1
Robert Wise , 1
Rob Gibbs , 1
Rob Kuhns , 1
Rob McLellan , 1
Rob Meltzer , 1
Rob Schneider , 1
Rob Zombie , 1
Rod Daniel , 1
Rod Lurie , 1
Rodrigo SopeÃ±a , 1
Roger Michell , 1
Roger Nygard , 1
Ron Clements , 1
Ron Daniels , 1
Ron Krauss , 1
Ronnie del Carmen , 1
Ron Oliver , 1
Ron Scalpello , 1
Ron Shelton , 1
Ron Underwood , 1
Rosemary Rodriguez , 1
Ross Duffer , 1
Ross Shuman , 1
Rowdy Herrington , 1
Rudy Bednar , 1
Rufus Norris , 1
Rupert Wyatt , 1
Russ Meyer , 1
Rusty Cundieff , 1
RyÃ»hei Kitamura , 1
Ryan Fleck , 1
Ryan Patch , 1
Ryan Perez , 1
Ryuta Miyake , 1
Sacha Bennett , 1
Sacha Gervasi , 1
Salim Akil , 1
Sally Potter , 1
Sam Mendes , 1
Sam Raimi , 1
Sam Taylor-Johnson , 1
Samuel Bayer , 1
Samuel Fuller , 1
Samuel Tourneux , 1
Sam Weisman , 1
Sanaa Hamri , 1
Sarah Gavron , 1
Sarah Kelly , 1
Sarah Polley , 1
Sarah Siegel-Magness , 1
Saul Bass , 1
Savage Steve Holland , 1
Saverio Costanzo , 1
Scot Armstrong , 1
Scott Beck , 1
Scott Frank , 1
Scott Hicks , 1
Scott Hillenbrand , 1
Scott Kalvert , 1
Scott Marshall Smith , 1
Scott Rutherford , 1
Scott Spiegel , 1
Scott Walker , 1
Scott Wiper , 1
Sean Baker , 1
Sean Garrity , 1
Sean McGinly , 1
Sean McNamara , 1
Sean Penn , 1
Sean S. Cunningham , 1
SebastiÃ¡n Cordero , 1
Sebastian Dehnhardt , 1
Sebastian Gutierrez , 1
Seth Gordon , 1
Shainee Gabel , 1
Shamim Sarif , 1
Shana Betz , 1
Shane Abbess , 1
Shane Black , 1
Shane Meadows , 1
Shane Salerno , 1
Shari Springer Berman , 1
Shashank Khaitan , 1
Shawn Levy , 1
Shawn Rasmussen , 1
Sheldon Lettich , 1
Sheldon Wilson , 1
Sheree Folkson , 1
Shinji Aramaki , 1
Shoujirou Nishimi , 1
Sid Bennett , 1
Simon Brand , 1
Simon Curtis , 1
Simone North , 1
Simon Hawkins , 1
Simon Helberg , 1
Simon Hunter , 1
Simon Langton , 1
Simon Rumley , 1
Simon Shore , 1
Simon Wincer , 1
Sofia Coppola , 1
Spencer Susser , 1
Spike Jonze , 1
Stan Winston , 1
Stephan Elliott , 1
Stephen Belber , 1
Stephen Daldry , 1
Stephen Herek , 1
Stephen Hopkins , 1
Stephen Sommers , 1
Steve Boyum , 1
Steve Conrad , 1
Steve Hoefer , 1
Steve Kloves , 1
Steve Martino , 1
Steve Miner , 1
Steven E. de Souza , 1
Steven E. Gordon , 1
Steven R. Monroe , 1
Steven Soderbergh , 1
Steven Spielberg , 1
Steve Taylor , 1
Stig Svendsen , 1
Stiles White , 1
Stuart Blumberg , 1
Stuart Hazeldine , 1
Stuart McDonald , 1
Stuart Orme , 1
Stuart Ortiz , 1
Stuart Richardson , 1
Sturla Gunnarsson , 1
Susan Montford , 1
Susanna Fogel , 1
Susan Seidelman , 1
Sydney Pollack , 1
Sylvester Stallone , 1
Sylvia Soska , 1
Takeshi Kitano , 1
Tamara Jenkins , 1
Tamra Davis , 1
Tanya Wexler , 1
Tate Taylor , 1
Taylor Hackford , 1
Ted Demme , 1
Ted Kotcheff , 1
Teller , 1
Terence Fisher , 1
Terence Hill , 1
Terence Young , 1
Teresa Pelegri , 1
Terry Jones , 1
Theo Angelopoulos , 1
Thierry Poiraud , 1
Thomas Bezucha , 1
Thomas Carter , 1
Thomas Gilou , 1
Thomas Jane , 1
Thomas Vinterberg , 1
Tim Allen , 1
Tim Haines , 1
Tim Iacofano , 1
Tim Matheson , 1
Timothy Armstrong , 1
Tim Robbins , 1
Tim Van Patten , 1
Tina Gordon Chism , 1
Ti West , 1
Toby Genkel , 1
Todd Berger , 1
Todd Burrows , 1
Todd Douglas Miller , 1
Todd Graff , 1
Tom Brady , 1
Tom DeSimone , 1
Tom Dey , 1
Tom DiCillo , 1
Tom Elkins , 1
Tom Gianas , 1
Tom Hooper , 1
Tom Mankiewicz , 1
Tom McCarthy , 1
Tommy Chong , 1
Tom Shadyac , 1
Tom Shankland , 1
Tony Aloupis , 1
Tony Craig , 1
Tony Goldwyn , 1
Tony Jaa , 1
Tony Piccirillo , 1
Tony To , 1
Toshihiko Masuda , 1
Toshiyuki Kubooka , 1
Travis Fort , 1
Travis Mathews , 1
Trevor White , 1
Trey Nelson , 1
Trey Stokes , 1
Troy Miller , 1
Troy Nixey , 1
Tsai Ming-Liang , 1
T. Sean Shannon , 1
Tsui Hark , 1
Tyler Gillett , 1
Tze Chun , 1
Uberto Pasolini , 1
Uwe Boll , 1
Vic Armstrong , 1
Vicky Jenson , 1
Vic Sarin , 1
Victor Levin , 1
Victor Salva , 1
Vidhu Vinod Chopra , 1
Vikas Bahl , 1
Vince Offer , 1
Vin Diesel , 1
Vipul Amrutlal Shah , 1
Vlad Yudin , 1
Vondie Curtis-Hall , 1
WÅ‚adysÅ‚aw Pasikowski , 1
Walter Salles , 1
Wayne Wang , 1
Wendy Apple , 1
Wes Anderson , 1
Whit Stillman , 1
Will Canon , 1
William Butler , 1
William F. Claxton , 1
William Girdler , 1
William Hanna , 1
William Kaufman , 1
William Lau , 1
William Monahan , 1
William Wiard , 1
Will Yapp , 1
Wolfgang Petersen , 1
Wolfgang Reitherman , 1
Wong Jing , 1
Wong Kar-wai , 1
Xavier Giannoli , 1
YÄ±lmaz ErdoÄŸan , 1
Yann Demange , 1
Yann Moix , 1
Yann Samuell , 1
Yasuhiro Aoki , 1
Youssef Chahine , 1
Yusry Abdul Halim , 1
Yves Simoneau , 1
Zachary Donohue , 1
Zach Lipovsky , 1
Zal Batmanglij , 1
Zeke Hawkins , 1
Zhang Yimou , 1
Ziad Doueiri , 1
Zoya Akhtar , 1
